[{
    "id":1,
	"name":"Alto",
	"make":"Maruti Suzuki",
	"year":"2017",
	"Description":"The Maruti Alto 800 has 1 Petrol Engine and 1 CNG Engine on offer. The Petrol engine is 796 cc while the CNG engine is 796 cc. It is available with the Manual transmission. Depending upon the variant and fuel type the Alto 800 has a mileage of 24.7 kmpl to 33.0 km/kg.",
	"price":"₹2000",
	"img":"alto.jpeg"
	},
    {
    "id":2,
	"name":"Capture",
	"make":"Renault",
	"year":"2016",
	"Description":"Renault Captur is a 5 seater SUV car launched at a base price of Rs. 9.50 lakh in November 2017 by Renault in India. Captur is available in both petrol and diesel . Captur petrol is powered by 1498cc engine claiming mileage of 13.87kmpl and Captur diesel is powered by 1461cc engine claiming mileage of 20.37kmpl.",
	"price":"₹15000",
	"img":"capture.jpg"
	}, 
	{
    "id":3,
	"name":"City",
	"make":"Honda",
	"year":"2017",
	"Description":" The Honda City is a subcompact car which has been produced by the Japanese manufacturer Honda since 1981. Originally made for the Japanese, European and Australasian markets, the City 3-door hatchback was retired in 1994 after the second generation.",
	"price":"₹1500",
	"img":"city.jpeg"
	}, 
	{
    "id":4,
	"name":"Duster",
	"make":"Renault",
	"year":"2019",
	"Description":"The Dacia Duster (also the Renault Duster) is a compact sport utility vehicle (SUV) produced jointly by the French manufacturer Renault and its Romanian subsidiary Dacia since 2010. It is currently in its second generation, launched in the autumn of 2017.",
	"price":"₹3000",
	"img":"duster.jpeg"
	}, 
	{
    "id":5,
	"name":"Hector",
	"make":"MG",
	"year":"2019",
	"Description":"MG Hector is a 5 seater SUV car launched at a base price of Rs. 12.48 lakh in June 2019 by MG Motor in India. Hector is available in both petrol and diesel . Hector petrol is powered by 1451cc engine claiming mileage of 15.81kmpl and Hector diesel is powered by 1956cc engine claiming mileage of 17.41kmpl .",
	"price":"₹9000",
	"img":"hector.jpeg"
	}, 
	{
    "id":6,
	"name":"Compass",
	"make":"Jeep",
	"year":"2018",
	"Description":"The Jeep Compass is a four-door compact crossover SUV introduced for the 2007 model year, and is now in its second generation. The first generation Compass and Patriot, its rebadged variant, were among Jeep's first crossover SUVs.",
	"price":"₹3000",
	"img":"jeep.jpeg"
	}, 
	{
    "id":7,
	"name":"kwid",
	"make":"Renault",
	"year":"2017",
	"Description":"The Renault Kwid is an entry-level crossover produced by the French car manufacturer Renault, initially intended for the Indian market. The production version was unveiled in May 2015.",
	"price":"₹2000",
	"img":"kwid.jpeg"
	}, 
	{
    "id":8,
	"name":"Safari Strom",
	"make":"Tata",
	"year":"2019",
	"Description":"The Tata Safari Strome was born directly from the same project that originated the Tata safari (internally called Kite 5) as it represents the four-door sedan version with a third rear volume. ... In particular,",
	"price":"₹8000",
	"img":"safari.jpeg"
	}, 
	{
    "id":9,
	"name":"scorpio",
	"make":"Mahindra",
	"year":"2019",
	"Description":"The Mahindra Scorpio will get a 2.2-litre petrol and a 1.5-litre diesel engine. The petrol engine makes 110 bhp and 200 newton metres of peak torque while the diesel engine pumps out 115 bhp and churns out a class-leading torque of 300 newton metres. A 6-speed gearbox is standard and there will be no automatic for now.",
	"price":"₹2000",
	"img":"scorpio.jpeg"
	}, 
	{
    "id":10,
	"name":"Seltos",
	"make":"KIA",
	"year":"2018",
	"Description":"Kia Seltos. The five seat Seltos SUV is Kia's first model for India and has the task of establishing the Korean carmaker in our market. It does have the right ingredients for the job. The Seltos is attractive, keenly priced and comes with a wide range of engine and gearbox options",
	"price":"₹3000",
	"img":"seltos.jpeg"
	}, 
	{
    "id":11,
	"name":"Swift",
	"make":"Maruti Suzuki",
	"year":"2019",
	"Description":"Maruti Swift is a 5 seater hatchback car launched at a base price of Rs. 5.14 lakh in October 2014 by Maruti Suzuki in India. Swift is available in both petrol and diesel . Swift petrol is powered by 1197cc engine claiming mileage of 22kmpl and Swift diesel is powered by 1248cc engine claiming mileage of 28.4kmpl.",
	"price":"₹6000",
	"img":"swift.jpeg"
	}, 
	{
    "id":12,
	"name":"Venue",
	"make":"Hyundai",
	"year":"2015",
	"Description":"The Venue is expected to get the 1.5-litre diesel engine from the Kia Seltos. Details here. Hyundai Venue Variants & Prices: Hyundai offers the Venue in five variants: E, S, SX, SX+, and SX (O). The sub-4 metre SUV is priced from Rs 6.5 lakh to Rs 11.1 lakh (ex-showroom Delhi).",
	"price":"₹5000",
	"img":"venue.jpeg"
	}
]
